<component name="ProjectRunConfigurationManager">
  <configuration default="false" name="CombatTale" type="Application" factoryName="Application">
    <option name="MAIN_CLASS_NAME" value="com.combattale.Main" />
    <module name="CombatTale-master updated version" />
    <extension name="coverage">
      <pattern>
        <option name="PATTERN" value="com.combattale.*" />
        <option name="ENABLED" value="true" />
      </pattern>
    </extension>
    <method v="2">
      <option name="Make" enabled="true" />
    </method>
  </configuration>
</component>